@sid,@tejas,@shaan,@srikanth,@pratik,@ani,@umang,@akhil,@anoop,@gita,@priya
@tejas,@sid,@shaan,@srikanth,@pratik,@ani,@umang,@anoop,@gita
@shaan,@sid,@tejas,@srikanth,@pratik,@ani,@deena,@akhil,@anoop,@gita
@srikanth,@sid,@ani,@shaan,@tejas,@pratik,@arnimj,@nikhil,@deepak,@gita
@pratik,@sid,@ani,@shaan,@srikanth,@tejas,@gita,@anoop,@vinay,@anoop
@ani,@sid,@tejas,@shaan,@srikanth,@pratik,@vinay,@lalli,@umang,@deena,@harish,@sakthi,@akhil,@rohan,@chan,@anoop,@jacob,@gita,@priya,@deepak
@vinay,@gita,@ani,@lalli,@harish,@pratik
@lalli,@ani,@gita,@harish,@vinay,@deena,@rohan
@umang,@sid,@tejas,@ani,@anoop,@gita,@priya
@deena,@rohan,@chan,@ani,@gita,@shaan,@lalli,@anoop
@harish,@ani,@gita,@lalli,@vinay
@sakthi,@anoop,@gita,@ani
@akhil,@ani,@jacob,@sid,@shaan,@anoop
@rohan,@deena,@chan,@ani,@gita,@lalli,@anoop
@chan,@deena,@rohan,@ani,@gita,@anoop
@anoop,@sid,@ani,@umang,@sakthi,@gita,@priya,@shaan,@pratik,@akhil,@deena,@rohan,@chan,@tejas
@jacob,@akhil,@ani
@gita,@anoop,@ani,@lalli,@harish,@vinay,@priya,@sid,@tejas,@shaan,@srikanth,@pratik,@umang,@sakthi,@rohan,@chan,@deena
@priya,@ani,@gita,@anoop,@sid,@umang
@nikhil,@srikanth,@arnimj
@arnimj,@srikanth,@nikhil
@deepak,@srikanth,@ani
