@vinay,@gita,@ani,@lalli,@harish
@lalli,@ani,@gita,@harish,@vinay,@deena,@rohan
@umang,@sid,@tejas,@ani,@anoop
@deena,@rohan,@chan,@ani,@gita
@harish,@ani,@gita,@lalli,@vinay
@sakthi,@anoop,@gita,@ani
@akhil,@ani,@jacob
@rohan,@deena,@chan,@ani,@gita
@chan,@deena,@rohan,@ani,@gita
@anoop,@sid,@ani,@umang,@sakthi,@gita,@priya
@jacob,@akhil,@ani
@sid,@umang,@anoop,@ani,@tejas,@shaan,@pratik,@akhil,@gita,@srikanth,@priya
@ani,@sid,@umang,@anoop,@harish,@vinay,@priya,@lalli,@sakthi,@deena,@rohan,@chan,@akhil,@jacob
@tejas,@sid,@ani,@shaan,@srikanth,@pratik,@umang,@anoop,@gita
@shaan,@sid,@ani,@tejas,@srikanth,@pratik,@gita
@srikanth,@sid,@ani,@shaan,@tejas,@pratik
@pratik,@sid,@ani,@shaan,@srikanth,@tejas
@gita,@anoop,@ani,@lalli,@harish,@vinay,@priya
@priya,@ani,@gita,@anoop,@sid
